product_id,current_stock
d1d3cf795364e3380f9412941d8a8758,13
610ab592e0d325dee460ae2c00f1a85c,546
5eae236b07a8c5db6299c7f9c3ba2e6e,475
2273be0f0b60b5d12c8853cae6ccf7ef,44
8b0229efd2d204e26dca4fb9d3eda08c,728
cd9895374edea6a67749d331b0b32070,177
9d4ba0f6da482eab474c47de79c2afcc,205
d425f8ccf937bdc4c55eb96ef872d812,148
489ae2aa008f021502940f251d4cce7f,267
08056d78bb75ed3ace107c72c16ec511,141
20fb650ad1615624d7e202031400f695,279
6acda50822cea0dbf080d2211a7f6ea5,650
82ed1009173f99aeacc5499e24e9a7a0,362
0f91b6a95a57a43203a9b17de98960d9,739
5ddc96fb8e668fa2e46d170c94119dc3,360
ef0c976e2e1bd30544229b19bd380a29,222
ae21e20e39807ffbb4b976fd106b937c,632
208e1df130afb08c59c387b356bc149a,656
b2c5824a747b4f147644f28103b45f93,690
c5ef13c4546279ceb81432eaef3cef41,712
ff4f41437ea37fc126d110853404b625,21
9351b1e4334769dc0abe871ee3c7abc3,411
188ad420d63afdbdf6711580e40dfbb5,215
0281221c8b9fdc713111952393cba4f3,196
c5079acea9d34174b1948b00f599d2d2,193
7180e36c30b2c9aaef70caabf4e8edea,660
91e27b33eee803b0d1f97e4d3910b75d,634
96b8d103618f7027896ce54a576b9f41,172
31b8e7c2a22f3dba5183cc110bdd72f7,328
feedec0f9090d3736d54758da8a1d05b,594
2b703ec635a9868dc7da64dda15cd828,119
7e7a5ae84c41a0fdde9c2a7c545d2115,504
5096e827f6152df3974343e735a52dc9,351
8cdb9ebdf8dcdd09f8495eec1851b0ae,742
06976617d8c5e71de4f3c2d93e788fd5,592
3a08fe43ce64c50310704384c1725c20,186
d3c044bd42d84a79e3b0c42662806a48,669
0b910ddd6185e20c016c2113fc864eb4,640
11d73cb1179dc43858edd4ab0cea359d,171
bdf752aa5ccd0dfb9e9ed401b672f133,415
d8193dc34b71b1144f1c945f01f0e2cc,636
4c94c6d6b751fcf32a8c43533d613b07,186
72cb4380c5a90c64048cafdf60d31f88,196
c0047dd512738c1a067099c37b78f627,133
ef2af887de5e84d6de178a621eb954e8,7
38d81441a145665231f53df8e97f52e5,399
d92cb9e1e8b1ea99285f24efdfdba088,13
faee2618c7ace750fb300ac45fddaa74,467
004636c889c7c3dad6631f136b7fa082,333
428f11967f2d855633c7857078c16fd6,148
0f4d27b820e317c951649da022895e0e,290
9e10eb05d9f369d5c38c475425cc2ee9,12
1224503f1f9b9e8ead31a3d32220ebba,115
c72edc98e7d77f0c4c04ec80730c05f5,377
2fcdd37790d9c79db0998f7fc9bc68b0,62
4e0854d426b0556ba1956db5e058f0da,583
59911136c59b2dd04ddce80d592b55f3,206
fe7185e8ca6be33b48072c4ba1b6056d,735
fb64cad4aa627ef255b3461e5428c2a6,136
3b09eb8e2d6bb856f77327ebf539e959,501
d51f8412df6df2f152d54d7bfbd07ae8,413
d339b523c298009f15d242a3a99392c7,734
bdcb8b4ebca66cd01b512c0044f8258f,495
6a31191d5ac5852b0478f6e245ac5b02,692
03ed331c2c9bb4cd5c3d986928bc8d9c,372
647b27e5ceb03b588feb44729221f8ed,175
3b82e71cc658bc6deadebef95075ac55,152
1f5a00433bd192f9ecdbb987e7866c3e,693
42b3cf00e662d57725bd2425b106563f,163
78ccde395e4f559885f083b17a32dd22,585
d2998d7ced12f83f9b832f33cf6507b6,422
62d2cada321a3e5d770d62425a82a6e0,223
5343876e3ae357d3e47e3bf3c89dfc86,329
59891d75ce28f4e94a9d8ed9693c6554,638
e97d6ed4cd62bf66d6cd2e7fd63984c3,363
1b4a4a283a036d1473ff5be2a0d493a2,693
3540941843e8ab59a8a8ed75970562db,757
f73be23829e192092569d5dda349f807,240
3a39c179470806b09fb138536170cca3,421
69ab89fdb9df3f93455a0c52d6e4e3f0,422
6c712952b8ef62f8d06a0314917400c8,435
12e2d17d42cd9d770771fb08675a870d,58
e31cf1512c0473f66814000fbc9ad337,296
5650f9e1f73d0a1c0176988cf2e950d5,467
711032db75fae9c76c17020aa359a99d,735
779dd392d4fbe5ca656bf3ceabecbf0b,191
5d66715cc928aadd0074f61332698593,516
8096dd79187d317b844454d6e6d9039a,612
2eb73af678f6999d0c48d617f5bc42bb,740
b756577e274d3a4793fc27209d7072db,139
c7c4e24200f7071aecf4a052fadb9473,540
585d35af545f17795ce05febd7a474d2,251
d9183dfd54675cc248e35dcd8af6f359,353
af62c06a5e8bc086ba8b49063306ead6,12
c795f412e17c825c7765adfdb4ecdc56,578
7ed65dda1415f5c4a2849860030daa78,27
a6d11caea18ae416c4861a5a9f9711de,300
3b213ba02fcd0799a85c9c3580a3033d,398
3b93324e4ce1bdd6526e4331f9c7120a,536
7ca389d3eaebd21435892c359851ffa7,375
983a67406e3e74f6b7b27168cf61d6d8,672
5b0414dde0eed69a8968dd1df92c9024,103
1201cfbb572a190305bbefabcec7e7eb,210
49f19939bc5c8639e06c36d3bf01ee98,207
cf5f0f6ba7c1477ba6aca74da24faba5,304
6b2b9f5f0a28682d6e4912563426b64f,3
c69ee3d090e5c25f7e8633b164fc001b,344
841fe54d564df8d45b7832717de220e3,305
adb7c806d2677f27a3316188d57564f2,469
f961683d82cf9021acfcd05a6c9e38d0,461
d239f8cc06397dba9cfb42f9bd6e0377,226
c6147d11c322b6a63f0cdd8722be9477,342
0134eb6b933b7ebc0f9e24ae5abefaa0,403
6743e2040ded41c39d0df37e1ab6667f,669
6106cd1748e2686c10094695142f7346,62
b4766a40cc26d3a39bdb32b1c01ea5e1,494
d39421ec4cc2bf52e35f8bf00f1ec314,65
deb8261d5bf5744407141a9447fb7662,213
8ac24e23a102245823e640f485846289,356
d500c64ef3ac31087d21f93faacec268,649
2905bcccc19e845ff57663618d52febe,270
661856216cb56d1d9e5a954c66cb136c,400
4ddcf7d53dbb3e87d1893112d1154e10,464
4e2fa5131fc9956bb6a6b9e84b39e798,608
c9120546166e49a3a3c27b8dcb6a42c5,317
da6f9d8ce4950ad572b7b4fe7d7e6c90,453
9538a4d0d20e31d209def88993f8dca3,672
4651b3eed325a88ffbb03ea01383a1ac,350
8c292ca193d326152e335d77176746f0,751
255f3797304030e3962e9a17ba75b2b1,317
aea6413d9a7fadfe4a7479cafef92650,347
4c183b9527d3fc69a4d5587b11f5fced,18
300deb83a9598a4b832ee43a126c5839,427
ba959fa0160c144aab62f721009c5f32,376
95be29dd18d5a1aae9a916eac469c959,333
cf698aea327d98aec83099c6c1cd0df4,499
fff1059cd247279f3726b7696c66e44e,439
f194a56fe15513535bd5b51e2f7086c3,757
7d4f932dd4fa16256c20de073329eacc,326
c43e56cd1eb509cca120446a61579ec0,349
f0e62aeebadb31681187c9548d8aae40,650
42faf2e98f0486405f5dfac48e5cba7d,389
16ce899c7af0c99f46948734a0d00f0f,201
1d0d355ddb548ca289943c135b3ea7c3,416
4b6b3a7072d549354c3743dedbf4170a,406
011377a7487fef47fc9e73fa5f7322a6,327
951b64df30a368d839ae1e534ff79bd9,425
987639aa04642e107c6781b619539a9e,464
caa41bf17e27022341da028e79152c4c,777
6f9d3ff69fea5b27532628c987f4b49a,57
f0fe4af158ebc28426b794c0b54d3df1,731
2d8b38d9f3b8fc6659cd5aa565ec6e7c,391
40a13d0a09a3d1334e8537ce3194f0ec,304
121a6ac524b24aa5cd62dc2094097a1b,489
4abef02c9dfc89006cb3d501d1f291c1,93
748fec9ebeacfa6835fb4d6894c49869,596
9defd1ffa1cecec71bc4a269ee97938d,76
93342929379a306b944935867076da28,344
afbb03a707e22e86468c550a1666def3,162
81ad2aebdd010001ccb2bf579b5ad94c,243
ece9c80ade3287c14fb768839fc15389,377
388990ffe5ff78f59518dff76702a24e,5
ad548cefdd8ba3faa511884b1c8a0788,711
9766ad53f42ee034fbc0e29c85fe626c,606
2d7a8b0a6a788d4dfaf9094bf36254c9,767
298532d06986d6132e5222b9362ad942,63
3bd7004cab3066f548b16e59f8cd8825,142
84bfcd3c1a4f15e9bd5867a775e232d9,392
4258e8067a55020ecdf18b872f397d0a,685
01b25153516d822621a92f9ce0b03e17,244
2b9496ed8ff2f7b2003258b94a58772b,240
fef0296e6442db59700c92c692c90e90,673
a550df17ed1c77a28e91a9276bfbd1bd,2
4949bc7693f27596ca18cfe03c5a83b2,761
15b47fee52c928cd7d75996f767efb8b,152
986d0d7a45258d4b8be60463fcff39f6,256
24297ae137968498e50c2f283a4f3d9c,260
616e6167ea0f56aab9c99b6a4ccde743,719
e9b3c6df62081d3ccad97e6ea5651667,658
3ac5a9834cdb5e3a4e47c3535adbff74,271
a8cfd9ff79784773910620b3d00d9bdf,274
1f459c80ec206dc814560de10182cdaf,650
3cf8d7db7dbaeb28f077151adfc59340,227
baff5f5a048f514e921ea530c4a7a814,640
1686ad611d0c19159f8052758f93f660,653
30916403a2996c146b5598774d657c55,525
81c57baf4689d8d58fc4d8ff51ebb210,595
67837a6bc3074b80f6fe8efc4740d37e,183
94bda974ca191307bd049cfd54d7f468,450
b62c4aeee36fc51b2bd7fa2e5c3268b2,111
06acd3480e6a1afb023ad0eb8cdeecca,47
3cc42a29bd64238cf33115a8841b4a6c,340
59c6d60f81179f563785a48de25532b9,236
08ef02b6aae73ad3a385cf1342f609c7,122
4e127b9ccb6eb1d65aee38a24803b2ab,421
ef49c266450dd5f0287cc0f4e23d914a,699
fd7d446e2582c5bbc8be63f9179e98ac,199
9c60b810e32e14c3a278742567720634,144
363a9f5b97bf194da23858be722a7aa5,695
5d6be475f90ab9e808b8484a41bce57a,25
08a20557431a9fcad3a08aed08811e14,471
2f48e99df2052ce8a7d14855ea40e838,448
d06466afa11453b6450b70992c90ece7,374
05d7deab2f99410d5fa21a75deaa1fad,344
5096c7c3620e53dda164502e228d4779,22
c36bf06e0eb9da82511d954d8f25114c,687
ba7b704d92d5b165f298aaca31278695,55
2431772a8c7ddb73d24a2ed6d0913f73,129
38bd9bace6634c6a98f17942fb637acf,705
1f6cbd49dcb5d56eb874bf9889f9fd72,289
d35dccc8b673b41ed414984b463b17b4,368
3aa87ff048f23ae9ac589dd73c21d98c,513
44f33e4105880d97c9db2506954dbfa3,451
af263cd25f64b87a292cf71ea42d505a,745
808190a48d18d09af357796e2b30d932,751
f75eb66dc82bccecabd706bd441cfd3a,210
4ad4cf9cb1cce9af79caf2426fd9ab93,611
c1b1fa3428453960653af124b17ab165,551
55b71bf300a2765a382eaec566df531f,199
d69b7880f262ed14de5f8149d2f0931d,120
7c6bed3d75273973d74b1ba957c024f8,653
69f58c765fe75f61f1b098a6d0b0943e,593
db06e3f64ff47ef36a46f8530d002fa5,300
2add772ac1b21ad0f2a8f7bfda8723db,235
f35a1bcd7e07f3841b0490d477612fae,552
db96ef2aef93a5a96d1e3296a32648e5,195
1e2841e311d4b0bb5cd837dca5ada1c7,371
bb1c86c0b1cd8da99fbd48d798abcca0,184
c0293bb52f87cea29cbf4cfa3fa873bc,496
d938227f7f7591d77e900cf3df3a645d,297
90aa2ab699cd0e459be93124aa91c82f,533
cfb2e04130d80dc8944679f3db75df76,263
0ce1e35bdc6af7e582e7ef9363e29b5b,501
ba17dd83b93da33a4483ba301644f40a,491
db1154ea7d1c50d8a5939a9f7fbc3b2a,361
6d637634f7ac8e9bd62dcc5fa03e39da,436
aa995bbfcf2da055bed670f7282f90d8,143
a16c7e7425c24fdb94f76f2ed4291de7,600
b607bf5bab84cb38111d2b6a10164385,576
641a45900528e8324c4848dda4e0a3fa,236
ecb050847b3d0db36fe380cf68ad02b5,338
555fb1933a0229450e7c01860a394dd4,769
e1a698b55be47318e6d178c57bf5370f,102
fb973e8b27e30aa34b8bee900dd1cdf8,435
301cfe3b10ca8a9e1a1fda2f36bf9142,426
79b5f6746971ce589060a7aeef9f9d9f,544
e71404b6fc3b275b7274ce772794a914,357
cf88e5bfdc37eafcb2130a618e815438,551
d3a746573dd35b279b6d0e3177496422,90
e1a1aa3724c9cfbb07a6791663c2496c,122
48de27bd5c8f17adee291f6886cec06f,427
9fa0c72476690fbc66bcacc498fe7fd6,117
dd650fe0148b47c3adedb593cda2c6dd,19
a2105c8c0d5d99dbc5a2a9ad94321e5c,370
d23c9b76b96f629b8756a657176a87d8,561
826e0179d6f0f44339c0fa71c464acf0,418
2844b71c076b32af55fbbf2eb7e0bd9e,701
d3669f49f9303d54bb780e7401365366,218
81e11b02560e506662f5d75a88b94fa5,360
ec246911ea63f94a11fc8d78c270153f,145
eb2ef5be3d5deff674149b9465d44738,205
041bf61cdb6e9b519aa70a4eed0bd4ce,404
aff39c649de8c4e36d325880de8f4338,483
62ca5c25d64eb6e83232fdb4203df305,528
eb15361fe97df32845dd225073d56db3,211
c023dc7b323cb5a452d21cd0742c9bf1,184
151f6da73d1f11e1a75553f0281d19dd,328
7741aeb3317b850cda6eec4627821fad,175
c8f47078677998140708abd3c0aa15ec,182
e34f7accdfa3f3f2ab0c16db77858f6d,764
f619f125af192e28da946f3382e783a6,270
37b56eb8cc2988e0d7b5cfd7858d67b3,580
a1b35ee994b8c571119976c30aa07efe,255
71ff103df4589cc0b353dfb0f6777037,28
2cc6b9c8353f08189f70b928d2185a9d,40
cec6b4ac0968c2cb31bf465a834aa831,786
5b706747080dcd34b3ebd803c25ccd65,293
332f784cac57e18f1194e8156ad5bd9d,7
71d0c6d235f2bb67ca7bc7cfe66f4277,304
1ba74b19c790ee59fb57fa2befa6e885,212
5faf9582cc171d5db03fdf4b80076a15,538
205448428c05215b1d0bd5c9d2a1ee3c,734
d191e54bd50ba045ac5bc9336572886f,716
ce5960e28657158637346e434013071c,65
ebc54f7936d9bcdc7f5dff7986d4f789,4
08fd8427101cb0428a663c2ae8f90aee,684
6dcacaf3d7706d2cfcf7798fdf52901c,145
3c54d3fdff96e2d3dc2115d08ef858c0,116
b5cfb1d3c5e435a7a52227e08f220ee7,758
a9fb80187bf64d19dd2804f25e83c5e6,144
194dad3cf9aa121860ba80cca80331bb,688
0f3de29f8370072525a20385ebbe889a,628
660fc6f47144a19180d7309e37155f1e,161
50908a7240199b240e6d857e740cafd8,717
ba4c06dba31764d34fd6446894754568,501
6711154203fd685dabc8bf121fb9fde4,369
d8b8d1f52d47dbbb51aa6990c3942402,391
5f4f1408e6d6f0653e18c25131dceb77,31
0daaaee8a33938591e1d5b980e65046e,696
f38b966670d58abe147f913bbf9a7ad1,253
8a852e038778b1f5f20b41824892c3b8,223
e1b8f6708fbd98896278e000251dd8c5,13
f4ebaa462d32c66438985245a9deb62d,210
059fd0cc43081303f7c0d7770ab53d52,280
a0727420c4f72aa6600840eb1da0d3d1,36
28ea12eefe401cceb76c6026abfbcd71,528
3b465c153d8169658a47350cdf2e5f14,114
643a66b1dc5dad3de6cb5a41549e72f1,213
b95d6edcfc7b19639b18dc095f757d09,384
2b7f2a7cf1025b94bc5dc6c28746beaf,522
7935326a359d2560cdb8a81b1e2e46c8,149
2d9034164be45fea72a91641a3874c33,742
6e87f3a8a84e60c41db0a3e7779f6e0c,415
353453049f39e1273c7e57d80bd4d55b,373
71a033537c0b1b79fc26e6d0bb3bb1a2,598
4c4dbaeebae887ed4fae3a70530901a1,166
c1a7082fb76e37a467ef216e92ee0423,225
2216232cbfdfdc984d20cd53acb7aba8,739
e8f22df5fa5b454907286aa61d6216a8,564
7e775daffa00892bdd6b7672e05dd31d,757
05a6b99c0460f22f5f8101493c0e3c0e,503
8ec49c92046701e29cd13082ae8034eb,108
9867ef342d95bb4f9b6ebf39bad864f7,605
c4760efe81b34457c00f5ebf9af1104d,720
19fdf478915162331ece9adfd669b88e,100
19629b1460e380638d4b9263bd31547a,234
aab4ed0a026e2f1d486ff1556e12b7e7,626
db63fab600827fdc6ef686c30f5ccb42,103
bff79f2c9dafe00c6215dbf7be6139da,778
389d38a555287ebf3413ce43392cf007,95
22c6a8a913119595b77ec3d747e9079a,21
1a20fafcc7f7eba192f047da438a0bb4,608
271dc7b756644a368e87e48c2d38c590,4
e73a764ace9b74b912bea28a731f60e0,71
18ebcd64f3cc11d18509c67b886c64f9,540
5742ee1a5d941486111ab986f6611735,611
ca6d10d1487b13988e0241beaa7fa089,709
ecc224ec2ca908e1fdacf9aaad00fbe1,192
e67f32f0a3e66440cba31dc13d5cfb0b,652
cc9c93a7dc6ba4b5913c8f3fba62612e,336
389711d6c8aa737f6f70e948946de005,619
7674e3decaed7f0ebef4717b1db8334a,115
e3d2dbfda8903ca3c230a480b75dc0f3,583
620af218f5c91a81482e4555864aa4db,523
4cc4d02efc8f249c13355147fb44e34d,327
8fec581a22f1e87d7e0f0a0da4626a82,367
c25a30113a3cb20b4914a605d8682953,140
4d3e81b2dfb45a73759982d63e532e94,316
97a0fca3502276570a22f65e739f3dcd,489
2a5fa7b501557e971bf63ec336f67fa2,644
3836f0abd1d2ccdd858b09f3101e1aad,478
ea13d597910697c345c5e41c59512986,368
cae7248e9bdfda82584faea19dbf793f,576
1893eeba0f624153fe2b3f0711e4a554,554
446295cf6f689d4db477145815362608,756
6d3b335d1fba472b61c01ba542307f62,626
7814c4d0c13dd09411bf75a6c3184e7f,57
7dcdcf1d40dd5422c3f16685ac1f0dbc,492
10953168e42bc4a9f7bb6468974cb5f8,569
d1299c3be544703ed73ba703885030c9,770
809ed6a364a44fcde2a4d20532e6ac70,609
0a197d1436ea67717ce68ebe184b5832,441
2239cf6b4421c4bd57f8a87127800929,35
7af69c11f2613a1f1fa6c519fd358b49,176
3ae116a20336cc3eb1b3d0b9b0a94d3d,610
5fe01122e6fa55994d5d842511a5a9ab,434
1b81b1c311837fade3c68f1f191a15b8,550
869e769127ff8442f28e7e782ae62d8f,196
b1443a3dadb0b2b1edf47ffe38366788,635
7670134d0deed66c4befad4f59d0af49,67
c574e4df03e0bc22eeab4fbf51af50db,778
8a268b8b0057a96777235e93d20ff37c,606
eae2dd85f947bc3cd623a4443bc91111,548
07145f317bd27c212bbc49377b3940dd,212
92f47b25673ab3b7e18b6f7fd2412e4b,639
0dd11fb64ad79535d17973b8608eeb6a,251
27274145782d0048827cb28b7786323b,678
80d702d8e2231e25bee9d145c2c86b6f,791
32267de030005084d4b6af64f22143b8,687
eed6a6984cd8cb209c954a41fcdb19fd,321
64df949908a46fb485e56ba12c1ed052,724
aa5c6f59718986b26883248a968e83ee,354
68dede30a2ef7c3f19ac4ec5b7620ef7,658
71d9c2b8b10871fa61851922aabc292d,737
3e28c005e07e71dc007d1f88295ba270,308
d3e43faeb92b20d373f87088a03ac642,633
14b47a66430c89500f18cdaaef9e0c21,787
7230cb7a5b93cff3d0869183495f053f,688
20daef67faad9f39084ec8812b1dc6b4,163
ce066f4a83649651549d717c9b566816,375
bd336707deb508edc61ee62f22706cc4,357
3138a5168026c06238f332528ec8e0ee,171
5cf32074c765ce825b53e1241b79e544,176
37cc5883abe2ac5703f1cfa3a9ec41c0,53
fdbd77fe1773263558126c16e0b4b67c,556
e5b1f66dbce509c58fa37ff08428f91d,64
3dcb77af8b9587985d046b195e105475,101
f4ff31c676834c31a24648df290aa349,110
8229dca25207625966da8cffda27446c,416
e082a9cbbc454309a78654e6699f387c,216
b29c1749f99da888ea322a01420d5220,364
acfb0b4f47e06f58c0c87f9012418921,622
dee07ca8877390638a4f9b9143352284,289
d537e54e990d95194a5733e79f1af1aa,184
9d014dd97b32b1631dbbf5b35c4c36a1,62
8f2c653ee228a29eaef0db9f8b83ee79,338
f48d34d7fa5828bde48c15d602f26aa7,654
e478d0bd1efbc9329837d30c174bb850,367
b5aa3dc3e3492bfa3dfed618a413e779,215
11fb5797b3ae9cf31bc0fcb8d907979a,248
acef497c1130f71ccfe63aaa1c9a607d,14
1026a916e88dfbc27528445d448619b2,142
35255921c732e0e9319097469d856cd5,83
d48e56be99464cbf285a9da17f618165,215
981a5c407ac880b5bcbabb9436825238,754
188c2b55dbae7df073f4f4a24e232ce9,682
1ffbbf003b5a076002ac9deac36b1c4c,605
b18d3e74e5793a823be8acec061a5977,796
bded2bc068525f00b659bd2e7268b4c1,247
8a6bebed424788f0e8e407bf8789102b,297
10575a1b638283f7cc928d01f29416b2,31
59f17be62604541797d4df87ae80cf73,370
a53d9459ab35c28053d6b7732fb8ca07,413
11b66b9c3298383e765fa69bdfd86e5f,268
011c2759ca1a29c74ecd8bfa48d0ac14,535
74b2f8c612fd08658bfc51519631d5f2,293
7439223069be0c67de28ae02a2a13810,358
6875b883a18364bf04f16698a335df55,550
199a45cf96d7240df6c364154d370a5d,555
4d7585daba2f8b3ed7f87447908b4237,589
e2c329a4516937ef4828102690ae669a,553
5693b23d56b6c0708f4094e3d323de28,254
190d9562bfbe9d3ed876c2ac6f2f5894,183
d29534bc8c74cd3d91e0f175a5c9b366,117
6169cdc0468023121be6baa425e3bc6f,260
ed3ad08bb1996a67332591b7b1a6cff1,567
f89cd865cac300a9bf1320dd8f0fa223,675
51e8feeedd83467b86a79aa2769367c5,352
9d9352588abf60036a50fd28e3bec382,62
bee114927325f4d47e180a4a6ca7c214,734
c8eb5b2d7173db25ec9bfc54dcb4ccbb,660
4c0a183b1572fcddf968d6992392e24d,328
c233a2dd158de2f5877ef680906a2c33,494
27a8b41684f77dd86572fa185bc143ba,23
cf9ffafa00d206fdfbd68c1e42bd5430,329
01a630ec9b9f9387e5a91c1f83bd209b,581
8ef74253fae312e2cd28e867fda5baa9,595
8812d73b9937b5bd3648ff9d11f9c3fb,789
516f4c728fa63b7394b4a4d99a010ff6,402
7cb52b1fc31186f200f2ad70fef8d3e4,374
6e514bdf6cbd5137a3795ff90e3ec1a1,431
1f46e84d4c98952d675fbd9bf529a96c,763
d718131dc0f308e7971d8ffb7c504e7d,98
621dce691c2ff3f99e21c21057ddc0ba,131
1bbb8e929009e827868035f4fa7a5884,642
004552d98c5d3653af8b4dbe8def0048,171
4099923da3407c3d162a829b0aba4b4e,506
6f1ccca9f878a413a495487eb649ab32,274
f286c2fe211df4102919d0bed084dddf,604
30f07d8c84ca80de0248a40587de7d32,325
6e9c52b407fea24064f7ab2b144fbf8c,131
5a7863759f1ae1605d08f6900ae8a90f,720
e1ea2e133d4ca99d20c365d4e3173989,8
bc23e7ab33428b722eb04acc660423ad,779
8ccac7e503c0ba1f7e7b3aafeae52cca,36
4211583ce8f0b2bfb7471b49d9bacbdf,409
bd988548c4a31b6c4fe5571e3cea8f8a,731
09dbbe2c4f26cad4d560aea043f9632c,558
ea15d7ef3399e16b992e190d22dd3fd3,177
4d153cd0e49c232e55168aff53489c07,503
738067b78d178e457fa0dc6db5d2cc58,168
1491a8ff192d4b5c369b0eaa2fe33ee5,689
2891311ed5a25e23aaaf5b12db9a8f83,55
30653650de8d186314a945a970c21802,87
0721efe2bcae3223969332d77f0182bc,568
1ec18a242e7ed004de8161b60f0262b1,450
6acb66c4ad0cd9bc25065f19c96e1eeb,596
e146dbd6493fdfb50152400fc162f25a,647
e4bf89766decbc6dd5e5c29edff02990,67
1cd4e06e315c38b1a4a3268caa41fcd8,620
4f1a7a45b6d43fa7e4958e013923d9e5,301
30a70759c34dd4a29c5596778a0eb116,614
707cd72f139010dc381720ad8a4010e7,166
8d219c7aa1a8032569bbd8c4ad515daa,785
bfddb6c856f2b1dc2c2aee34842c31b6,386
7dffa5a576c3022da3db58e3b829f886,23
76fab799e52e98680a1aae62daef914f,574
bb8e7dea852be7eb17288af376b3b933,85
1b3634881407099b50ee5bca1026ef25,480
eb005badd08b68a6361449b18b6e13bb,123
b224eb3c154415f1a25f604619f48b77,175
5a303a4e6cbf8550e80d43a01997acf2,465
f3e5c2a78b72fdc48a7c2559ff7dbbd5,464
6d2c14b30e95a30ea57059b97cdd9fe7,345
a17986e7f2991a5f5fcbfae5639ca1cf,227
7da3477c47ab8a9339afcfe23362d2d4,52
885767551f6e62036547d2ec333f1daf,271
12b2d0d0afbc40130f01e2f2f591444c,224
efd7af8312533d58ccb5ac26304dd3d5,793
23a8c3849cf3f25b1962e056d459deb7,313
306b0c58328826c0564cbc520787d508,433
46fe748c7ab970cdaaeb666a29766c62,405
3e13b2ef84dd5351ce75832722d8a1e2,743
04a67e69edfb208f784da30294f69c5b,605
11969b52203d89d67f5d9aff274fc35d,442
fef6029430dcac1403570d19150408ea,392
d655dc03de9b831ed22639631ab2958f,719
ed194a0dca1f25a7f40e0a2992517a3e,661
f7b39dca4a425dcfd4a8b0b0aac4b7c0,553
144fc7abb16b6f6d92d2c9f34d3c3452,433
23bf81fdd5f4015f1b924385a3eda89c,86
e21b0b8dd6c9543f46cf3178a39ea458,286
d1802b79d2e79841cc2cadedd8d4e6a3,563
2084a7e9b0fac4aca4265ccd0240bd0d,645
60583a83a08e3bb8c9fd974983021a34,542
1be6d38ae75d87f6ee74e1d8e7e5466d,150
923fd8ff0cec825036dbbfaa8ddda4b0,171
677ea65357366d30a013af105b2c8a0f,712
7bdc3ff2d6af39d08fb40546ba7b9766,282
de480e3ae31eea2d2d97d694c43172fc,539
7d1fc7d682f6a5c8e47437e3540f4415,156
17b8aa78b705626818b2646e5abb3138,763
1bfc9947194da1defa581550164fc92c,223
dca96fdb8b183f1ea4e5eeb9d3e6163b,168
752aa5bbc175624474d9dc15558755e1,217
38cd38029795797c97b73421fdad08cf,187
fc2edee55f4118969f4dc49f7a717605,77
398eb7af23a74b3470f90b1744a48697,366
aaff2ae684debfeafcf84e22e46e12d9,458
84003eefe52bb4112252409a24ae3a73,120
d9545b3e8df3155bca5b302d0f7c3c1c,371
efbb1aa8004b5afbe175d7d6ce557342,32
78f5f8f4547e4be0449bce34eb0557f2,441
d7e2d29c1596c2eb1e6e0c85f27cc81f,282
4c0f34e546c8f735ab44af10ca679f20,542
9695cc1865970dfe9b66a5a83e59cfac,601
9794fba8c8aa64ab4fece2d3cbe731e9,128
1fad46b84ac1748ff47bf2d703565a7a,712
e35b496654367ba8f9ab8974a23331e6,632
740adb81f19fb346d1ce72237211ba51,187
f72c56e46adf2ef4cf84a708f8644f89,353
ce87eb0f80420c505b53adef21bf93d6,756
1fd570765d10abc088a6e78a8a75a7d4,706
1ed724b5e4b638eeb4bd3487d88b8f28,64
38dcc7ebcf99d1af723e3151875ba1c7,715
5cb27eb7202ae6c53809618eb8549007,63
c853cdc7ab9eab59b04f753cd9a2f27b,266
f69581741831e1dcd24e28e299ad36ff,565
861f715fc920b62d0bbd75b605a9827d,659
6b9cd06d7020fdbbffa996fcf9707b0a,55
61df31fa1090e36db0b04775b1df4b10,768
b92ae71eeca0ece0cd18e4b0939bcaad,777
8474b565abca4884081d595a23a599d0,306
dfec64aac9b864b2807a7be33222b75f,220
c388aa3cdd554588ebcc869156381ba3,85
7cc67695a7648efc5e7a755603402b49,103
071b82cad6de748755bb587ff3feec2e,48
bb3bac7219d5d0b390326ddf5a562366,615
37bb05868e497e0d9356d850c3d3bab4,341
561e48cdfacd14e7cfe67aa4ebd0caea,338
63c6d5d1d4b7b62eeac562b995ce4bbb,211
8e2a1894cc1ec6fac43ab56efaef0411,721
408dc0e1523c3915352e552a1a23c663,419
61163b3973f637171715b4698c9df7f9,394
5b3905d05840ce0b216434db7e7c638e,309
c596b76868fe2a8e8a95dd39e3dd67b5,7
e62d582ddb7630168d7227ca1f9edbd2,131
e06ff9a961edac4a89f5451882861adf,131
cef4f90ce027751d3acd18e554ca3e4c,340
37167b49712cb4ce822d51958a4ec0c3,80
cf0279aeb9c687e52ec8b0e72bb318da,722
245d6fd93f56b9e997881f397fbca833,146
d6d73c1fe2e8c0e3e90e2421ffa4b963,465
7bff21aabd6f1c9055ef5c2a262fd62c,217
8d4b5a0c6a09c5ee87acb936e218e9df,71
0df37da38a30a713453b03053d60d3f7,61
99f265229d46f700208ad7cb1ff48aae,380
1d8b0573a8ebb81f72288beba6bf4327,704
672e757f331900b9deea127a2a7b79fd,582
a44edbb4226328a7a816f3460556d638,539
c8d117f618f6ab7f02274705025bdbda,504
1147151b874f436976ef5ad14a8a7694,356
cbf065c6b1569d0a2f384856d3f27dc5,557
aedb09a73deda537456636dad7696b64,719
1531b09bff3fb016e5f0b4435b643672,424
9ab817d90bc61ed772ffea01b4cdcdb6,490
530eb6b4be420f6e65606de479d62278,152
1bdf131c83d68a290b1abe6b43f3c324,546
ad354f777df2a1eee8211950fca142a4,89
0b0c04563408d8d1187cdbd6292a89fa,571
39d4a8413d363755330d17445a28a76f,796
00ba6d766f0b1d7b78a5ce3e1e033263,352
7f04dc0b85182744b422109acd2d40f5,416
021c41b063949bf529b79289c58e0a8b,235
5c86703f3b01f9df579c3a6232bb908b,603
88f2c10f7a675e2f7e5a00ec528d973a,710
f034637ce06bb3a527488a37a59e522d,132
ac55865c931b6e828892c10b73887af4,296
ebee6703e867082f455a058a8bd04092,291
574597aaf385996112490308e37399ce,350
87716aafd7c6269cddb3403f85e4102e,15
05b515fdc76e888aada3c6d66c201dff,222
0f72996a8379314700a3ff9e822451e0,396
b665d6299c02572404ef4ee1741140a3,443
d58fee6a26472392dc2450375c7f935a,615
17222c974b8e98e7df1f7da91491178a,431
f8b49b0f49ab5467c1d3685cba5d9190,35
6e38838cab9f851eb58af53b57caf709,346
3688427aeccf5d04ba3b89a068005b6f,349
a6e9ad7f801066f00bf59e348ec8f3d6,283
1f3b8727459b932736f709be23eef109,226
2eefd8ed7a9782380fe14a1efdec7418,434
f66597ad60f7a529979f1d8af0c71e5b,373
1e7d94ec384eb160b91eb277f13ba1ff,306
683647534fe73616ae97d91a6ef253f4,789
c234674e4e175c7be49f4412f97c1248,624
739623b89d74a8fe22a2c7c8d77b12ec,113
124a15d998dfe011681819d7c792f7bb,123
5066fb9bf2b3db42c59f2f7732387249,222
6255356ea20f71ebc7015ca970718bb6,577
c765fb286266d05deb16689631d841e1,166
75b433ca888fe027b18dfac89a284667,167
cba32576375902a87170bedaed045b71,797
c05aabbc0dbb2f3569cb54fe92fee96d,746
c75a6578b6475cf760d40cb340b3971c,562
648058594991ac2fa9af20f5f9e6677c,308
67c4868694e75a87d7d0417c14fc26a3,515
c29000fbd43fc3693f8ad048b2e511d2,260
03706dca83513062fe74967a71b5fc78,13
dcd3c062b4a5a8f5e411c9cf4772285a,721
7b82c09aeb69b05e0a578a2ea97ed4a9,793
518cd5de3631fa4c9a2917c244f5ad09,38
1b90a8c5fe7ad2ec9351f03282b30075,456
17efcba3c09566b89c945ef563f381d2,783
53466539c80d0960583e3d74d250ae38,655
8b0d2841b3c1d9a16e7e86fce9a35a78,743
24bc2932a12c983f8e76d828b65cf39b,640
50fb810523dcd3bd271eb7b6d2468988,532
a70f58bd49225ad1d9f199d3766385a8,409
063d6951f9aa6a9c2122a9492480d9ef,456
c9c95f9e62d83a9d190792abc83f6811,16
48640118918b5bd6454e3fee20ad637b,420
4006da5107400e5ac48dbcc829a36c42,26
6a4bdc32bf81f50cb387fd6178ce7b07,67
36908dfc3aabeafc9039dc2365586c0e,666
04a2ef44f3ea03a72be6f1f99ee0bfe6,73
914bbf1d7b288975a3a7ad2d004f7c3d,454
a82a1fcaf427ceabe9df656409d7acdb,553
47356bc50df2353e354ef15c95306567,19
c11bf15a30096a9bd622cd856a433136,767
8a4667ce8c036b0d54dd65a38298bfc0,331
b3da35152fd4ba6d1e3a536235e7a494,409
5163057a5b13644ad1e4af396cb43df1,756
6e2a68aa94eb2a3b5b3499bf2314d544,1
3f9051ef3d646215621400c6a9b50e01,100
cce794ab6b84d0345332bb1910f9eb20,664
ad837169a27edc799909c3b1f6081399,250
3394bd1ad2fa9278c9da6724fbe73c60,665
33d26f298db59a201858e0248d9cee6c,744
332f9726c0192e9edf59cb7b1fae49df,270
a25903f26691ccdbd6d2c5fd73ca005b,3
bdae940812284709dd5e300831735f64,544
73b4a12b226263790a8726fac9f30b34,637
4428f48461e892ef845849d4086d8d3f,114
5e70a4508abd5d19bfe7f110785294c8,204
f0a06cc25ae22358b10378bf4dafdf0a,131
fd4b4443bc919df49bbcc062742b8f06,482
f324dfdc1e7097c078c8b2e3fb1dce0e,570
870bcc6c58e03ca658cfdd13db4bbe28,27
bac2d18d169f029e0721b8aca9c8f269,408
6fd29b4c024c598e9339e67a7469be43,584
c74e157255c4861775b6885cc14a1ced,472
1c42a107473d6b20db8ac7772b870e33,789
8da9d7e8c72e1626d37c366187d9ffe2,419
596363933adf57df745ecbc8afeec226,745
55403fdc84a027ae6565b360af50e1ee,753
6252b27a90918a7503170102a8b630a9,143
c155c424ae428e87e3060b8cf9453d72,631
271a7b6b19c824b39c44b59aef7c4135,499
92a0ba05cdafc24128ead0890a8a2c79,720
ed3d4d9d28256f0c6c2af63d199cd720,199
2233b59e8cf2817f9659e52cce3093de,234
594bbf3064869810a9f56dac8c05acfb,327
11970aff9a8cf29a520127d0d8100901,784
5b3f731080f509f8688f58810e9e13c2,800
46c480f48e4167c60ce2ddf4ed25a819,656
0b349a8595d271e85a0514fe541953fd,41
668627d7997bde540866a91f02484ae6,80
17cc3e9bc6182d861f0ae09f498e5187,543
c91a4838537a5f096143003b1a72ec58,70
525a5744fb5d26e4035d0610446900c5,776
be27cc436326515a57609d15cdbb3a30,154
839b2d42b8c439290e2cb9f44e17a6fa,755
ca2a703b0fde4c81cf556baea471e978,270
74ae869eb82594d9cbe6e934cf143e0c,209
b98992ea80b467987a7fbb88e7f2076a,176
b1bd2eebcf90443f4f17e71bb89468a2,616
f0c39c49847d1eab4dae5245694acd3e,42
7f4e034245e45549110139d1de248f83,473
bf1a9a02e2160143755052e6bf59740f,357
07e00c385280d659de8eb0254b75ecdd,438
8da90b37f0fb171b4877c124f965b1f6,211
b7a64f15c532c9eacbaa11cbef1bc969,50
ef4f89f8ee26b84496a7f8e7dc76029d,371
615ee56e97eef79c2b855111d9434dcf,253
1a42ea14c75ffc04ad584513567457dc,627
c457d4bdf5645f666bdd00678e2fb286,270
304a449e8addc14739c68d806a6d0a77,258
ce0a7865b299f784a6ca12dac0ec8649,308
fb4363c293445382596484ff01de78bc,33
b23ede14b480ecd0dbb08e2406b3a206,400
204066e9c9f66ce2f88cbf4dfcb4edce,668
3319ec949aa117693a4d6fd941858af9,406
ce7186656e3ec080cba4fb895b9b90cf,393
2c3f424b5643b03663e0f5861dde2bfe,396
05542c6ab7bce0a01a5f7210380e72b3,196
ab6894479165254fa26f0fbb31c53ce4,88
08065cf579a61fed0a11f26426a30d6c,743
a14f93c69d3e0d7482819dd023a1d2cd,628
305a8467a383809ecce974a852d55ae3,589
faaa13c4eb6bb073693378999e40b9a0,47
9cc4f78d8deda3da85bfd76aea339cbd,338
969a9ead309cdd6881492b674cbe5433,1
a1e00885862cb54f09464fc31a58e0a2,278
49e15e6133b2f4e4fccb783a8e716707,79
2bf7ce28472c7ae94ee15e26991bc9b6,57
1c2343e8f516d16e590d499476a026f3,372
defce8530200d29d2c50f4ca66400e06,229
485977d79fe47209050d22d220aaab7f,781
65d1e9d7432a5bdb5456b22f91747ab3,573
24b861426de01a8adcf503251efe05f1,284
f80903ad4fa58fd23ba18f970d258cd1,61
d22a5221a26ff421ad353360421f799a,518
d2d1caac0d3750a742d8e14b6821007f,302
84c7330da95da86fa555e15070a8b1d3,303
9b7d6830b132073397821e52d0e66294,474
39ba5f1db5ac837acc139b27369791c6,326
6a33f85f66191cc5b645b5f775ca93d9,592
fc623b74602f30f00e2e3ce320b8dafa,703
bca99cf9bf7b0bd7f56c29a6e297f757,595
8ea469fda50c1d63e15ccdeb9afe170d,787
5a514ce9444538bed304a0607a853c09,235
467ee8619a328138b578ace663efbced,245
8281b348c92d101d10c17e412b99d748,264
277d6549d32c2aa10255800083e9816b,152
2cdc0ae80267a6e170415f236fd1d243,126
ce003d873dc7d3c9482b894f2f2cc3e3,152
498f5440a31fbbe53a970262af00cd5b,584
78540167bc14d4024b1aae7adfa2f7c9,404
f04f09b39a48c368840aae6eb3803305,213
5da61f03fa61bb3e2d965b98aa102ad7,525
4af2ea2d968b3ad848b4f98ac7795fa7,385
4601231c3480315049971ea0a61d3839,7
e14dd4fab66d6821325e8b36fca0e41d,720
20d6d5469584eb71125803455ccf914a,301
aa48d4f285b37252409e6f9fcb0b8ffb,6
0dce4f5243207cc33533e133b634ae5f,146
668c1d83312f239e50994fbb06aeb4dd,686
6f9be3cc1d2a7eaa92b86fde15b93ac4,514
632b3e2be69e6d3ab1eb59c87bb8c3eb,592
0b0f32c8bd5426698d01d72f155b75f5,266
cd072553fd098e618264cdfff5980360,517
6fb42788c5ef9affaa2fec30ca8b6053,247
9698db22a15cee3747028222da04f1b1,326
aedeeed7f1b4f0f8be40518d70991770,135
3c863457e83bc6cbf703702c610c5d3a,500
6eda94acf0ad08a1bb12f10aef74767d,483
677863732107706b878df62cdc8eaf8e,759
4408151f5a3ff363abfe3d051f4344ac,538
037f82112a937df3f1486fa81eb1f127,77
3bec03860f3782ef8993056e01b8229a,214
628f5ed6c14790dcb9233c8dbf596175,55
a53009171e5b711cec2681a7871c0016,226
48f45fb4d7e27353b8abef59be38b65e,273
db6796aa712a2626572bb3d0b9a039cf,754
ff185e3474ddf11f1c87316de80f24b7,83
2ca49532371b32e19b3db0809a52ab25,412
2b6668f997fdf67b759b63fa849b0b39,735
01cb96c64e8e35f29826a58963f6ecc5,248
2ff995aead9c63a1f37a07b3664ead37,630
2f494871e1d55c5161e63a5cc3f3e983,266
f43ac43eb75aca4dac0ce5671b5facb5,127
4c4fd057b307bd432dd7588d56ee9636,467
6177675afbea0665b11380c36caf10bd,299
671ac7a60d975bd4ca2d7f7c77070210,2
b1c9363781fe50f33136564c9671c17e,333
0414ce6ba3643b59fd1e5c8e146c1d8d,318
eca26be90d3b3454dd69a13a05bdb46e,764
8b6c7a1576a913518e4085451e978bf9,688
468a4d241243dd96169888c0ad022086,264
e074a31cddeee80c21fc613445def7bc,593
cfbc837967ca671ee87f5243f2a1024d,385
2fa39fd27e11b59399565257abf255e7,727
a9d1b933ef7033934660412325fed2f4,424
9a3ba846b3c74a316408ccf07a40374b,68
08545faed0310009ebba7ba4537c2727,626
393ea9b030c3a8f7c14958a0b13dfc46,537
ad8ce350191f1fc97260d1c5893e841a,695
5e41aec274955a3f044a67902798af2c,575
891f85176bb33d23b19f1cc30eb2660f,537
4a3ffd5293869f4b85d163eb3b4d0faa,289
a87d9e903f9535b37cc8c45e0ab5edf2,291
4a028badeceba3a65a3316aa0c0e0c4b,306
c230b471b7e21ff9060e68ee154afd70,184
c956bde83b283fe27c438080dcb246c5,566
03d817e5e392e78674ed0bd8195f9159,319
1fb5f3130b9f5c67e7dc57e0f5df6e6d,770
86433c674add159827ed4728e65c9121,461
b6e406be1aa00db8be5dd3ec6b524d4d,241
05216a143a65ab59fc48fb996e7c12d7,614
034ecce08e1adf75b5fecf2faac7ed11,366
1078e04ece7f1498a5ea393bf9c4eb98,768
1760fb3ce37cf7ee460a11149785e370,641
1468c44dd6c3ecaa8e9b12a8a2a7ed0c,699
7fa79f73326e6b9b13b79f60a435d4a5,775
d8dee61c2034d6d075997acef1870e9b,631
18721a85f6f265d6137dfc0f88cc0534,755
528006c231a0ed1649af2db0ab6c69ed,721
5f61715df376d28bae7088fde14894e9,121
18e41d0c2a7cac6a8d53d3fcc13da3c4,557
5a6b04657a4c5ee34285d1e4619a96b4,445
30b426aecc4e322e14030c1f384b1763,757
72bc7a3072eb84fd69d8e220fb7dbfaf,606
3a96bcbf644a5d390107570628568026,411
2e8316b31db34314f393806fd7b6e185,510
0f2fd0a589cb7849c1dbedbd4109c2f8,73
ffe9468f4d890db80b7231e86931ff37,283
89fe9f3c22efcfa4bd05c0cf71c70a18,584
dca7c7ab531682b89beb8ea79571cf0d,344
3ca00c4e1220f5de09fed51ea33cec30,759
8f19c4fa78ba4a8d037bc977eef22927,526
afa3bc466a2fbfde2f263266a4dfae3b,25
8b5a201cdb79e1962baa08534f71d382,127
29bf158cd50fc035e7443f1c04e8deaa,498
4efd35570dbaaa27e216bd8bf3ed4cf3,637
8751413c85ce4cea7d99f15ee76d76c7,244
f538d01bc771eed83997a9e729627b73,316
418d480693f2f01e9cf4568db0346d28,324
89ad4d91b311611f135ef67426267ffc,198
b072088eb78d8d816d4c80cb1851a6f6,735
94bb0da423501924c41368236d88e808,401
1d32c0582d833b02199e449713fad071,268
ea17b2137544a3b0a3eaf107887472d9,750
59af5c511a76e7fe573446f94cdb83b9,501
b11308cde5c2dc1c7f2f947c62409e76,7
97e50905efad4b7cdb046db112ed9328,339
d6fa8b99ed80bff9dcddd3fdefa6e68d,542
be1e5f5f774bd9ff91582239f038600e,742
77c0761ae16fdb908f9d7f12ef176a14,414
5275ff6b5e1629977be145d9a55d2d83,295
bea56a01c32ef9befa1a9914cca8fc1e,260
9682ad2500ae8b2609e6a88eb0cbc5bb,80
e19c8e70d39de9646d64163a66051797,74
6a6bdb7ebf4bcc4695ca0cbf9b35308f,336
7bdcf3299ac200059488f72043f6c3df,628
ffcfaba393e8ef71937c6e8421bc2868,325
220a2b9dd1e9990876de0ac999e1a33c,112
1cb4e06ac5f21ccde771561d17ec0afb,709
0fa690a43af8987193508e22fd5b32ac,652
0ac4b9dc5e23908abf09e13da3ea1bbb,266
8d48ed27eb7397426bd25ee9cb6688ad,271
c59e6dced23214126ac972a4a4525e87,236
cef6b1cb351ebdaec947e31ad360f5db,117
75a9a2b97bddd22ba8b6fdd4b042da42,326
222684e29ad17ce818d1b01753c0cfb8,379
f6bc1e20283d027458321d15778ba8cd,553
a12c02e04fe31b34937656a5c5114a7f,145
8fe1065427012c8b98629be50f60c193,338
7ef3a40a669c333563b5db14510333d3,10
ee59699c00f92af8c00c6c9e470a6ff0,418
6f6019a14b83ba9efe11fabe73eb094b,333
a94db861b4ea1c79704586f07c8cdbc3,569
263fe483fc2377fe17d81d7b2b5cea3d,461
66fc767a58575873dad11a4c717727dc,22
9d65ba102eeefb2ee2284de1fdc3964d,109
1963cf66a18eaa163005e27cc39d9793,107
2ebe00f53430b4eb4086f08409ec7760,660
3a166c25c4271d3b28fdb6aeadc0897c,581
05d43e31ef4408f944a3de2d18b0f755,129
c801dac0ec4865c5d42cf44b03a7d626,726
ed0a1bec6300918e25cecb6cdb2a2c0b,425
51cb73e9af0e2e23da237bafae0946d2,694
5895e5cc058d6773e63c7084c7f6e636,166
0901b25598b3ca109f48e16a52e2df1f,566
c3cdb28ed53f4ec5d9afe32753961641,513
57ba617c4fc4ceef2df5f1574e906320,786
d27144c40fa89d288b74adfd0e20db91,345
8e9ecca4227272deda7212e69c0d7429,683
240ab905c5d99c074894c0fb5a27979f,52
914c9e9af640dd56f48764a225b00f89,556
a8626e1c9d4273aa4bb5065747148d30,449
d66d9dba1b0d3aab8f3b6b02e4cd3f8e,513
548e5bfe28edceab6b51fa707cc9556f,635
98abb12338c3652fceb5a9a5e06c7f2b,683
588531f8ec37e7d5ff5b7b22ea0488f8,62
cf944645d4ff2a3eed3ae17f641ea861,705
5f24849289916bf82378a061a131fde9,369
8d6f2c3454002d3f5aa7479a7fad7794,220
50f5f13adab483598dfb6a40afaf70b6,49
f7d67abec0a2ed71d5125e6eecbd8db9,684
daa3da30305b9336cef3c41816ff74a8,576
377d0ea8bb2c8365af0b1519223d324a,471
8def905dc2fc7ae5edb3637821a7652d,39
9fd8c99aa3c0ce6aa140bc8cce4ce462,1
aa829330d8c41c82f96b3252043c6791,239
9af30b38efe5ca2a1a97330e77400717,158
69bb0609a0dd2d5f23efb6faf72fa28e,606
4a7056788ce9287c76ade358f2e2572a,624
0142fd5bd2e0923cf2dbc73d471dda34,164
aaa391b7c35a628a6318851e8e933e0b,274
ced87016b816472a7e668e311d127ae0,45
94252831daf1ef36429398257ea0450c,675
d9a5a5120d4d357871acd5408cb10e18,33
14faa5803314c4ecfc2c915cd13fd24f,483
1c590de8370cd15e869999037e92fea2,494
aefd95d8fa48ead0bcdec7fb758daea0,790
4105d1e0439f5f75b5da2a645905d747,360
cc711d05cc2a7eaabf0629dbda239e5b,612
b2b2279a0174bb3ce78d8b668f8fe27d,216
30e6ca43e35febc39b93e1445a98670d,75
a1b5a3e2a2233424b6c4ce31f31aa8db,664
7b717060aa783eb7f23a747a3a733dd7,671
e311d1899b83ab4b7706f6f81d155a19,740
bae1013381fa74d68d18c89d313f97eb,532
a14aea6067b93158e956612c50b74cfa,90
1ff1090afbb3b1a09f61f5e49f0a6cce,177
53e364927f09c41fe6a9af8c18a20b24,455
0f3777229e40207d248acfd6e1f716b6,414
911cfb37438b7fa9ad54535990178868,76
8627c1a400bf12820b1fefd750005aea,129
993dda4a23beb110830cd8d181abe310,500
1c86a1539e8f7551ac5c09a15b6a3c88,299
f2a7bb2516da405f550438e4cf82d06a,728
a6cef514bc1c722ff447863e87e4d77d,596
a47b91f0ff85b3a24108985252501e12,373
25a1ad831f1181c48d8e3014510026b6,363
63bfa27a0cee21fd896dc27f58b6d656,82
639a641dfdddb9367d030768148076b1,530
6c951a66dffc261311c2acc0bf0ff2fe,650
56a474f5d7d6cfaa8500cddd0aa35bba,720
c1079a63b2984263e9942c44c7ab2da4,190
ad47aff134f11264c92d7ff1299163b1,562
1166c098840d03686b633fe2612c5f2d,301
6f66ef344e1db8560c3d036ee214f355,74
a5190314b65b1f99d589e8fba9894639,119
19b75a8a23f10ec7a6af4e4644c4d71a,330
afc452fedac19a3553a1a356e5498e9e,10
f97d74310019b255120e4316f4515d74,253
991e90b036a1162adf21d4227b751365,392
f541764c0e99f1a821dc9d5bb1143a88,383
1a57051039dca27521c83e2212042176,701
9ab93790313438fe487cb321d7248b13,718
52d163dd9192d5a70afc33cd8c60131e,317
53027b8270c2c4b97acb3907e39e999e,275
e4176515d2055eb7771645c597f8b40c,778
baba1ceb37487865e4b4b2589292d258,594
ba05e2861971098fc7ecd8162c23452a,134
40c9f84a8919516ca9b0d6a9f5ad27f4,375
ec9f5b47ece31337beca3adf477757a6,467
63d6e7ab30f482382c9dfbbccae7da54,671
fd33cf682028dd12dea92f2ec002c6e7,411
f9bb291280bceedf7840b89e1e75b89c,189
6408c33baecf128bc76222e5863f85c2,765
7e48d9554094858ee2269c4ef809f50e,419
40bc967f033c88458d226825e3293ed9,448
b8eb8663142255eb7ab4526b3ee1c7fd,506
135cd53710b2e374b08e9a4609d6c053,754
c8a1b14dcfbb5ab61591ab868d362d10,302
f46098048d1a0c30ce1495246b8fd752,691
ca96d665a6e7038a569277e6e1d34cbe,451
af3ec22cce878225aae6d9eb6c7a78eb,711
f5cb4f19ca215fb34aef190918d45f46,238
77d3c6966d712652953a0ddc6e6f24ea,698
b65d35a9df9e9824ef0ae175b9468161,790
ab71466511b5e49de73454353d49a2ba,403
f4b915a1ffcc06f7c282fe1958bfccfa,550
73dacc49330dc5cc9b1c1983c16200e7,664
12530458b22303a822da23e0ef0c400b,504
5d10b3779b68d58be0fcc46a1ee79689,745
fac82ec645519b81e8873570d454f00e,748
534b02311d6e4647c43e97e8d479dab5,140
9d3a38202f455fd1c45c8f4929bb373c,353
c2bcdb759a32342591497db4153af052,648
ad5e26211dacf07063fac8864fb68e4f,786
37c269354554b312f0c614582c19cf91,727
576dcab3751246040666eae5a0bcb315,73
7697c75660a647dda82cac88c20a77b9,654
aeb2f7fc62c8a2a56ae6e2f1b04d4e62,791
3731a08877914ac1dbf9b7c995854f84,98
9f5a2290fe27f9c70ca8424e98229b62,576
2d0bbec441acd48f8b643a07dd326281,376
2ccb88cb2c4943230baf9a184b76b76d,464
0830788ce2a21bb3aacbd956403f7851,775
b8737fddff36bc91ad9cf4c8d781f525,286
d123a889dbe1dddada56ba224cd05963,220
0dce093fc7ec4dec214256df878e3c08,163
1909929bf0f282504162cf7e8290c4bd,160
f5bef3f1d42ac5eaaa1b7050d911732e,787
0cf1296fa38622de944eb05701b4ff34,200
7ab21257ee876b3897bd55046d3d81d3,189
